Id,SpeakerName,Phrase,translation
1040404001,カミラ,ねーねー、いろっちとみとりんってさ、/nやっぱダイスター目指して演劇やってるの？,呐呐，彩彩和兔兔，/n你们果然也是为了成为『世界之星』才演戏的吗？
1040404002,いろは・美兎,えっ？,诶？
1040404003,カミラ,いや、こないだ、いろっちが言ってたじゃん？/nホロスコープシーズンはダイスターに選ばれやすいって……。,不，就是前阵子，彩彩不是说过吗？/n在『星座赛季』比较容易被选为『世界之星』……。
1040404004,カミラ,ってことは、今回のホロスコープシーズンで、/n電姫のメンバーからもダイスターが選ばれる可能性があるってことっしょ？,也就是说，在这次的『星座赛季』中，/n电姬的成员里也有可能产生『世界之星』，对吧？
1040404005,カミラ,やっぱ、ダイスターになりたいって考えたりする？/nってか、もし選ばれちゃったら、どーする！？,说到底，你们会有想成为『世界之星』的想法吗？/n或者说，如果真被选上了，打算怎么办！？
1040404006,美兎,えっと……み、美兎は、そんなダイスターなんて……まだまだで……。/n考えたことない……かな。夢のまた夢っていうか……。,那个……美、美兔的话，『世界之星』什么的……还差得远呢……。/n没怎么想过……感觉像是梦中之梦……。
1040404007,いろは,ええっ！　もったいない！　みとちゃんの演技、すごいんですから！/nきっと世界演劇リーグの人たちにも認められちゃいますよ！,诶诶！太可惜了！美兔酱的演技非常厉害的！/n一定也会得到『世界演剧联盟』那些人的认可的！
1040404008,美兎,うーん……ど、どうだろう……？/nでも、ありがとう……いろはちゃん。,唔……是、是这样吗……？/n不过，谢谢你……彩叶酱。
1040404009,美兎,ただ、美兎にとっては……みんなの演技の方がすごいと思うし……。/n今は、電姫を応援してくれるお客さんが喜んでくれれば、それでいいかな。,只是，对美兔来说……我觉得大家的演技更厉害……。/n现在的话，只要支持电姬的观众们能开心，我就满足了。
1040404010,カミラ,みとりんは相変わらず、謙虚だね～。/nウチがダイスターに選ばれたら、ソッコーでみんなに自慢するのになー！,兔兔还是一如既往地谦虚呢～。/n要是我的话被选为『世界之星』，绝对会光速向大家炫耀的！
1040404011,カミラ,まぁ、ウチが選ばれる確率は超低いんだけど……、/n『もしも』の話だから！　今じゃなくて、いつかは選ばれるかもだし！,嘛，虽然我被选上的概率超级低……/n但这只是『如果』嘛！就算不是现在，说不定以后哪天就被选上了呢！
1040404012,いろは,『もしも』なんてことはないですよっ！/nカミラちゃんだって、選ばれちゃうかもしれないじゃないですか！,才没有什么『如果』呢！/n卡蜜拉酱也是有可能被选上的呀！
1040404013,いろは,カミラちゃんの演技は、唯一無二の輝きがあって、/n配信でも、目の前にいるみたいな存在感が出せちゃいますし、すごいです！,卡蜜拉酱的演技有着独一无二的光芒，/n哪怕是在直播里，也能展现出仿佛就在眼前的存在感，真的很厉害！
1040404014,カミラ,いろっち褒めすぎだって！　なんか照れちゃうわ～。,彩彩你夸过头啦！搞得人家都不好意思了～。
1040404015,カミラ,けど、ガチでダイスターが誕生したら、めちゃヤバじゃない！？,不过，如果真的诞生了『世界之星』，那不是超牙白（糟糕）的吗！？
1040404016,カミラ,電姫の知名度だって爆上がりだし、絶対今より人気出るよね？/nそしたらガチで有名劇団の仲間入りできそーじゃない？,电姬的知名度绝对会暴涨，人气也肯定会比现在更高吧？/n到时候不是真的能跻身名门剧团的行列了吗？
1040404017,いろは,ですねっ！　きっと電姫も、さらに有名になると思いますっ！/nそのためにも、みんなで頑張って、次の公演を成功させましょう！,没错！电姬一定会变得更加出名的！/n为了那个目标，大家一起努力，让下一场公演大获成功吧！
1040404018,美兎,うんっ……美兎も、頑張る……ね！/nまずはオーディションに向けて、台本を覚えないと……！,嗯……美兔也会，加油的……！/n首先为了试镜，必须得把台词记住才行……！
1040404019,カミラ,あっ……ってかさ、話の腰折って悪いんだけど、/n『オズの魔法使い』ってさ、どんな話なの？,啊……话说回来，虽然打断你们很抱歉，/n那个『绿野仙踪』，到底是个什么样的故事啊？
1040404020,いろは,カミラちゃん知らなかったんですね……！　ちょっと意外です……！/nなんとなくですが、カミラちゃんの好きそうなお話だったので。,卡蜜拉酱竟然不知道吗……！真让人意外……！/n总觉得这故事像是卡蜜拉酱会喜欢的类型呢。
1040404021,美兎,でも、たしかに絵本とか読まなかったら触れることないもんね……。/n有名ではあるけど、知らなくても、おかしくはないのかも……。,不过，如果不去读绘本之类的，确实没什么接触的机会呢……。/n虽然很有名，但就算不知道，或许也不奇怪……。
1040404022,カミラ,そうそう、名前は聞いたことあるんだけど、/nなかなか内容まで知る機会がなかったんだよね～。,就是说嘛，名字虽然听过，/n但一直没什么机会去了解具体内容呢～。
1040404023,蕾,なるほどな……では私から説明しよう！,原来如此……那就由我来解释吧！
1040404024,カミラ,わっ……先輩！？　ビビった～！/nってか、いつの間に……ここ２年の教室なのに。,哇……前辈！？吓死我了～！/n话说，你什么时候来的……这里可是二年级的教室哦。
1040404025,蕾,すまない。そんなに驚くとは思わなかったものでな。/n……では、さっそく本題に入るが、『オズの魔法使い』の物語だったな。,抱歉。没想到会让你们吃惊成那样。/n……那么，言归正传，是在谈论『绿野仙踪』的故事对吧。
1040404026,カミラ,そうです！/n教えて下さい、先輩……いえ、蕾先生！,没错！/n请教教我们吧，前辈……不对，蕾老师！
1040404027,蕾,ごほんっ！　オズの魔法使いとは、ドロシーという少女が主人公の物語だ。/nある日竜巻のせいで、ドロシーはオズ王国に家ごと飛ばされてしまう。,咳咳！『绿野仙踪』讲述的是一位名叫多萝茜的少女的故事。/n某天因为龙卷风的关系，多萝茜连同房子一起被吹到了奥兹国。
1040404028,蕾,故郷のカンザスに帰るために、魔法の銀の靴を履いたドロシーは、/n偉大な魔法使いオズがいるというエメラルドの都を目指し、旅に出る。,为了回到家乡堪萨斯，穿上魔法银鞋的多萝茜，/n朝着传闻中伟大的魔法师奥兹所居住的翡翠城，踏上了旅程。
1040404029,蕾,その道中で、喋るカカシ、臆病なライオン、ブリキの木こりを仲間にし……/nというのが大雑把なあらすじだ。,在那途中，她与会说话的稻草人、胆小的狮子、铁皮伐木工成为了伙伴……/n大致的梗概就是这样。
1040404030,蕾,とはいえ、ようやくオズに会っても簡単に故郷に帰してはもらえず、/n悪い魔女を倒してこい、などと難題をふっかけられたりするのだがな。,虽说如此，好不容易见到奥兹后，对方却并没有轻易让她回家，/n而是给她出了去打倒邪恶女巫之类的难题。
1040404031,いろは,諦めず仲間たちとたくさんの苦難を乗り越えた末、銀の靴を三度叩いて、/n魔法の力でお家に帰っておばさんと抱き合う……そんなステキなお話なんです！,最后在坚持不懈地与伙伴们克服了重重磨难后，敲击三下银鞋，/n凭借魔法的力量回到了家，与婶婶拥抱在一起……是非常精彩的故事！
1040404032,カミラ,へー！　たしかにこの話はウチ好みかも！/nそれに、いろっちもオズの魔法使いが好きなんだ？,嘿～！确实这个故事挺合我口味的！/n而且，彩彩也很喜欢『绿野仙踪』吗？
1040404033,いろは,えっ……いや、まぁ……そうですね。/n好きですよ、オズの魔法使い！,诶……不，那个……是的。/n我很喜欢哦，『绿野仙踪』！
1040404034,蕾,（千寿……？/n　いつになく歯切れが悪いような気もしたが……気のせいか？）,（千寿……？/n　感觉她好像比平时更支支吾吾的……是我的错觉吗？）
1040404035,美兎,オズの魔法使いって……本当は、魔法が使えない、ただの人間なんだよね。/nでも『魔法の力だ』って思い込ませることで、本当になる……。,奥兹国的魔法师……其实，只是个不会魔法的普通人对吧。/n但是通过让大家坚信『那是魔法的力量』，最后就成了真……。
1040404036,美兎,嘘かもしれないけど、それは悪い嘘じゃなくて……優しい、勇気のある嘘。/nもしくは……おまじない、みたいな。,虽然可能是谎言，但那不是恶意的谎话……而是温柔的、充满勇气的谎言。/n或者说……像是咒语一样。
1040404037,美兎,不思議だけど温かいお話……電姫のみんなが演じたら、/nどんな風になるんだろう……考えるだけで、ワクワクしちゃうな。,虽然不可思议却很温馨的故事……要是让电姬的大家来演的话，/n会变成什么样子呢……光是想想，就觉得好兴奋啊。
1040404038,蕾,……電姫にとっても大きな岐路となる時だ。/n景気づけに、私が占いで電姫の行く末を占ってやろう。,……这对电姬来说也是重要的转折点。/n为了助兴，就让我用占卜来看看电姬的未来吧。
1040404039,蕾,このタロットカードが、我らの運命を示してくれる……。/nこ、これは……！,这副塔罗牌会向我们昭示命运……。/n这、这是……！
1040404040,いろは,ど、どうしたんですか！？　もしや、なにか悪い予感が……！？,怎、怎么了！？难道说，有什么不祥的预感……！？
1040404041,蕾,（波乱を示す『塔』のカードか……いやしかし、革命の前に波乱はつきもの。/n　悪い意味ばかりではない、これは捉えようの問題だ）,（象征动乱的『塔』牌吗……不对，革命之前必然伴随着动乱。/n　并不全是坏事，这取决于如何解读。）
1040404042,蕾,……電姫はこの出来事を超えた先に、新しく何かを掴む、と出ている。,……牌面上显示，电姬在跨越这次事件之后，将会抓住一些全新的东西。
1040404043,いろは,ということは、/nついに電姫からも、新たなダイスターが誕生するのでは……！？,也就是说，/n电姬终于也要诞生新的『世界之星』了吗……！？
1040404044,カミラ,それがマジなら、ウチら、歴史的瞬間に立ち会えるってこと！？/nすごっ！　鳥肌立ってきたかも！,要是真的，那我们不就是要亲眼见证历史性的瞬间了吗！？/n好厉害！我都起鸡皮疙瘩了！
1040404045,美兎,だ、誰が選ばれるんだろう……本当にそうなったら、嬉しいよね。/nでもまずは、公演を成功させなくちゃ、だよ……！,会、会是谁被选上呢……如果真的变成那样，会很开心的吧。/n不过首先，必须得让公演成功才行……！
1040404046,いろは,そうですよねっ！　『乗り越えた先に』、掴めるんですもんねっ！/n目の前の課題を乗り越えなければ、意味がありません！,没错！要在『跨越之后』才能抓住呢！/n如果不跨越眼前的课题，那就没有意义了！
1040404047,カミラ,よーしっ！　気合い入れてこー！,好嘞——！干劲上来了！
1040404048,いろは・美兎・カミラ,えいえい、おー！,嘿嘿，噢——！
1040404049,蕾,（千寿たちに告げたことも、決して嘘ではない……。/n　このまま良い方向へ進むことを、祈るしかあるまい）,（告诉千寿她们的话，也绝非谎言……。/n　只能祈祷事情会一直朝着好的方向发展了。）
title,请在此添加章节标题,,
info,翻译：XXX  校对：XXX,,